module,type,name,res_id,src,value,comments
saas_portal,model,"mail.template,body_html",saas_portal.email_template_has_expired_notify,"

            <p>
            % if object.trial:
            Your trial service ${object.name} has expired
            % endif
            % if object.block_on_expiration:
            and blocked!
            % else:
            you have to pay in order to continue using the service!
            % endif
            </p>

            ","

            <p>
            % if object.trial:
            O seu serviço trial ${object.name} expirou.
            % endif
            % if object.block_on_expiration:
            e bloqueado!
            % else:
            Você deve pagar para continuar usando o serviço!
            % endif
            </p>

            ",
saas_portal,model,"mail.template,body_html",saas_portal.email_template_expiration_notify,"

            <p>
            Less than ${ctx[""days""]} day(s) left before expiration.
            </p>

            ","

            <p>
            Menos de ${ctx[""days""]} dia(s) antes da expiração.
            </p>

            ",
saas_portal,model,"mail.template,body_html",saas_portal.email_template_storage_exceed,"

            <p>
            Storage limit ${object.total_storage_limit} of ${object.name} has been exceeded.
            Contact your system administrator in order to resume using your service.
            </p>

            ","

            <p>
            O limite de armazenamento  ${object.total_storage_limit} de ${object.name} foi excedido.
            Entre em contato com o administrador do sistema para continuar usando seu serviço.
            </p>

            ",
saas_portal,model,"mail.template,body_html",saas_portal.email_template_create_saas,"

            <p>Web:
            <a href=""${object.public_url}"">${object.public_url}</a>
            </p>

            ","

            <p>Web:
            <a href=""${object.public_url}"">${object.public_url}</a>
            </p>

            ",
saas_portal,model,"mail.template,body_html",saas_portal.email_template_expiration_datetime_updated,"

            <p>You expiration date is now: ${object.expiration_datetime}</p>
            <p>${format_tz(object.expiration_datetime, tz=object.partner_id.tz, context={'lang':object.partner_id.lang})}</p>
            ","

            <p>A data de validade é agora: ${object.expiration_datetime}</p>
            <p>${format_tz(object.expiration_datetime, tz=object.partner_id.tz, context={'lang':object.partner_id.lang})}</p>
            ",
saas_portal,model,"ir.ui.view,arch_db",saas_portal.action_database_form,Access rights,Access rights,
saas_portal,model,"ir.model.fields,field_description",saas_portal.field_saas_config_action,Action,Ação,
saas_portal,model,"ir.model.fields,field_description",saas_portal.field_saas_portal_client_active,Active,Ativo,
saas_portal,model,"ir.model.fields,field_description",saas_portal.field_saas_portal_server_active,Active,Ativo,
saas_portal,model,"ir.model.fields,field_description",saas_portal.field_saas_portal_edit_database_active_id,Active id,Active id,
saas_portal,model,"ir.model.fields,field_description",saas_portal.field_saas_portal_edit_database_active_model,Active model,Active model,
saas_portal,model,"ir.ui.view,arch_db",saas_portal.action_database_form,Addons,Addons,
saas_portal,model,"ir.ui.view,arch_db",saas_portal.action_database_form,Affected Database(s),Affected Database(s),
saas_portal,selection,"saas_portal.plan,lang",0,Albanian / Shqip,Albanian / Shqip,
saas_portal,selection,"saas_portal.plan,lang",0,Amharic / አምሃርኛ,Amharic / አምሃርኛ,
saas_portal,model,"ir.ui.view,arch_db",saas_portal.subscription_wizard_view_form,Apply,Aplicar,
saas_portal,model,"ir.ui.view,arch_db",saas_portal.view_saas_portal__config_settings,Apply,Aplicar,
saas_portal,selection,"saas_portal.plan,lang",0,Arabic / الْعَرَبيّة,Arabic / الْعَرَبيّة,
saas_portal,model,"ir.ui.view,arch_db",saas_portal.view_clients_form,Are you sure to delete this database?,"
Tem certeza de excluir este banco de dados?",
saas_portal,model,"ir.ui.view,arch_db",saas_portal.view_clients_tree,Are you sure to delete this database?,"
Tem certeza de excluir este banco de dados?",
saas_portal,model,"ir.ui.view,arch_db",saas_portal.batch_delete_wizard_view_form,Are you sure?,Você tem certeza?,
saas_portal,model,"ir.model.fields,field_description",saas_portal.field_saas_portal_create_client_async_creation,Asynchronous,Asynchronous,
saas_portal,model,"ir.model.fields,help",saas_portal.field_saas_portal_create_client_async_creation,Asynchronous creation of client base,Asynchronous creation of client base,
saas_portal,model,"ir.model.fields,field_description",saas_portal.field_saas_portal_duplicate_client_client_id,Base Client,Base Client,
saas_portal,model,"ir.model.fields,field_description",saas_portal.field_saas_portal_rename_database_client_id,Base Client,Base Client,
saas_portal,model,"ir.model.fields,field_description",saas_portal.field_saas_portal_config_settings_base_saas_domain,Base SaaS domain,Base SaaS domain,
saas_portal,selection,"saas_portal.plan,lang",0,Basque / Euskara,Basque / Euskara,
saas_portal,model,"ir.ui.view,arch_db",saas_portal.batch_delete_wizard_view_form,Batch delete,Batch delete,
saas_portal,model,"ir.model.fields,field_description",saas_portal.field_saas_portal_client_block_on_expiration,Block clients on expiration,Block clients on expiration,
saas_portal,model,"ir.model.fields,field_description",saas_portal.field_saas_portal_plan_block_on_expiration,Block clients on expiration,Block clients on expiration,
saas_portal,model,"ir.model.fields,field_description",saas_portal.field_saas_portal_client_block_on_storage_exceed,Block clients on storage exceed,Block clients on storage exceed,
saas_portal,model,"ir.model.fields,field_description",saas_portal.field_saas_portal_plan_block_on_storage_exceed,Block clients on storage exceed,Block clients on storage exceed,
saas_portal,selection,"saas_portal.plan,lang",0,Bosnian / bosanski jezik,Bosnian / bosanski jezik,
saas_portal,selection,"saas_portal.plan,lang",0,Bulgarian / български език,Bulgarian / български език,
saas_portal,selection,"saas_portal.plan,lang",0,Burmese / ဗမာစာ,Burmese / ဗမာစာ,
saas_portal,model,"ir.ui.view,arch_db",saas_portal.batch_delete_wizard_view_form,Cancel,Cancelar,
saas_portal,model,"ir.ui.view,arch_db",saas_portal.subscription_wizard_view_form,Cancel,Cancelar,
saas_portal,model,"ir.ui.view,arch_db",saas_portal.view_saas_portal__config_settings,Cancel,Cancelar,
saas_portal,selection,"saas_portal.client,state",0,Cancelled,Cancelado,
saas_portal,selection,"saas_portal.database,state",0,Cancelled,Cancelado,
saas_portal,selection,"saas_portal.plan,lang",0,Catalan / Català,Catalan / Català,
saas_portal,model,"ir.ui.view,arch_db",saas_portal.saas_portal_rename_database_view_form,Change Domain,Change Domain,
saas_portal,selection,"saas_portal.plan,lang",0,Chinese (CN) / 简体中文,Chinese (CN) / 简体中文,
saas_portal,selection,"saas_portal.plan,lang",0,Chinese (HK),Chinese (HK),
saas_portal,selection,"saas_portal.plan,lang",0,Chinese (TW) / 正體字,Chinese (TW) / 正體字,
saas_portal,model,"ir.model,name",saas_portal.model_saas_portal_client,Client,Client,
saas_portal,model,"ir.model.fields,field_description",saas_portal.field_saas_portal_subscription_log_client_id,Client DB,BD Cliente,
saas_portal,model,"ir.model.fields,field_description",saas_portal.field_saas_portal_subscription_wizard_client_id,Client DB,BD Cliente,
saas_portal,model,"ir.model.fields,field_description",saas_portal.field_oauth_application_client_db_ids,Client Database,Bade de Dados do Cliente,
saas_portal,model,"ir.model.fields,field_description",saas_portal.field_saas_portal_client_client_db_ids,Client Database,Bade de Dados do Cliente,
saas_portal,model,"ir.model.fields,field_description",saas_portal.field_saas_portal_database_client_db_ids,Client Database,Bade de Dados do Cliente,
saas_portal,model,"ir.model.fields,field_description",saas_portal.field_saas_portal_server_client_db_ids,Client Database,Bade de Dados do Cliente,
saas_portal,model,"ir.ui.view,arch_db",saas_portal.oauth_application_form,Client Database,Bade de Dados do Cliente,
saas_portal,model,"ir.ui.view,arch_db",saas_portal.view_plans_form,Client Settings,Client Settings,
saas_portal,model,"ir.model.fields,field_description",saas_portal.field_saas_portal_batch_delete_wizard_client_ids,Client ids,Client ids,
saas_portal,model,"ir.actions.act_window,name",saas_portal.action_clients,Clients,Clientes,
saas_portal,model,"ir.model.fields,field_description",saas_portal.field_saas_portal_server_client_ids,Clients,Clientes,
saas_portal,model,"ir.ui.menu,name",saas_portal.menu_clients,Clients,Clientes,
saas_portal,model,"ir.ui.view,arch_db",saas_portal.view_clients_form,Clients,Clientes,
saas_portal,model,"ir.ui.view,arch_db",saas_portal.view_clients_tree,Clients,Clientes,
saas_portal,model,"ir.ui.view,arch_db",saas_portal.action_database_form,Close,Fechar,
saas_portal,model,"ir.ui.view,arch_db",saas_portal.saas_portal_create_client_view_form,Close,Fechar,
saas_portal,model,"ir.ui.view,arch_db",saas_portal.saas_portal_duplicate_client_view_form,Close,Fechar,
saas_portal,model,"ir.ui.view,arch_db",saas_portal.saas_portal_edit_database_view_form,Close,Fechar,
saas_portal,model,"ir.ui.view,arch_db",saas_portal.saas_portal_rename_database_view_form,Close,Fechar,
saas_portal,model,"ir.ui.view,arch_db",saas_portal.action_database_form,"Comma-separated list of addons to Update, Install or Uninstall, e.g. <em>point_of_sale,website_sale</em>","Comma-separated list of addons to Update, Install or Uninstall, e.g. <em>point_of_sale,website_sale</em>",
saas_portal,model,"ir.ui.view,arch_db",saas_portal.action_database_form,"Comma-separated list of references to res.groups, e.g. <em>base.group_sale_manager,stock.group_stock_manager</em>.","Comma-separated list of references to res.groups, e.g. <em>base.group_sale_manager,stock.group_stock_manager</em>.",
saas_portal,model,"ir.ui.view,arch_db",saas_portal.action_database_form,Commands,Comandos,
saas_portal,model,"ir.model.fields,field_description",saas_portal.field_saas_config_fix_config_id,Config,Config,
saas_portal,model,"ir.model.fields,field_description",saas_portal.field_saas_config_limit_number_of_records_line_config_id,Config,Config,
saas_portal,model,"ir.model.fields,field_description",saas_portal.field_saas_config_param_config_id,Config,Config,
saas_portal,model,"ir.ui.view,arch_db",saas_portal.view_clients_form,Configure,Configurar,
saas_portal,selection,"saas.config,action",0,Configure,Configurar,
saas_portal,model,"ir.actions.act_window,name",saas_portal.act_configure_clients,Configure Clients,Configurar Clientes,
saas_portal,model,"ir.ui.view,arch_db",saas_portal.action_database_form,Configure Database,Configurar Base de Dados,
saas_portal,model,"ir.actions.act_window,name",saas_portal.action_updb,Configure Databases,Configurar Base de Dados,
saas_portal,model,"ir.ui.view,arch_db",saas_portal.view_saas_portal__config_settings,Configure Saas portal,Configurar Portal SaaS,
saas_portal,model,"ir.ui.view,arch_db",saas_portal.view_clients_tree,Configure client database,Configurar Base de Dados do Cliente,
saas_portal,selection,"saas_portal.plan,state",0,Confirmed,Confirmado,
saas_portal,model,"ir.ui.view,arch_db",saas_portal.view_saas_portal_client_filter,Contact,Contato,
saas_portal,model,"ir.ui.view,arch_db",saas_portal.saas_portal_create_client_view_form,Create,Criar,
saas_portal,model,"ir.ui.view,arch_db",saas_portal.view_plans_form,Create Client,Criar Cliente,
saas_portal,model,"ir.actions.act_window,name",saas_portal.action_duplicate_client,Create More Like This,Criar mais como este,
saas_portal,model,"ir.actions.act_window,name",saas_portal.action_create_client,Create client,Criar Cliente,
saas_portal,model,"ir.ui.view,arch_db",saas_portal.saas_portal_create_client_view_form,Create client,Criar Cliente,
saas_portal,model,"ir.ui.view,arch_db",saas_portal.view_plans_form,Create template DB,Criar BD Template,
saas_portal,model,"ir.model.fields,field_description",saas_portal.field_saas_config_create_uid,Created by,Criado por,
saas_portal,model,"ir.model.fields,field_description",saas_portal.field_saas_config_fix_create_uid,Created by,Criado por,
saas_portal,model,"ir.model.fields,field_description",saas_portal.field_saas_config_limit_number_of_records_line_create_uid,Created by,Criado por,
saas_portal,model,"ir.model.fields,field_description",saas_portal.field_saas_config_param_create_uid,Created by,Criado por,
saas_portal,model,"ir.model.fields,field_description",saas_portal.field_saas_portal_batch_delete_wizard_create_uid,Created by,Criado por,
saas_portal,model,"ir.model.fields,field_description",saas_portal.field_saas_portal_client_create_uid,Created by,Criado por,
saas_portal,model,"ir.model.fields,field_description",saas_portal.field_saas_portal_config_settings_create_uid,Created by,Criado por,
saas_portal,model,"ir.model.fields,field_description",saas_portal.field_saas_portal_create_client_create_uid,Created by,Criado por,
saas_portal,model,"ir.model.fields,field_description",saas_portal.field_saas_portal_database_create_uid,Created by,Criado por,
saas_portal,model,"ir.model.fields,field_description",saas_portal.field_saas_portal_duplicate_client_create_uid,Created by,Criado por,
saas_portal,model,"ir.model.fields,field_description",saas_portal.field_saas_portal_edit_database_create_uid,Created by,Criado por,
saas_portal,model,"ir.model.fields,field_description",saas_portal.field_saas_portal_plan_create_uid,Created by,Criado por,
saas_portal,model,"ir.model.fields,field_description",saas_portal.field_saas_portal_rename_database_create_uid,Created by,Criado por,
saas_portal,model,"ir.model.fields,field_description",saas_portal.field_saas_portal_server_create_uid,Created by,Criado por,
saas_portal,model,"ir.model.fields,field_description",saas_portal.field_saas_portal_subscription_log_create_uid,Created by,Criado por,
saas_portal,model,"ir.model.fields,field_description",saas_portal.field_saas_portal_subscription_wizard_create_uid,Created by,Criado por,
saas_portal,model,"ir.model.fields,field_description",saas_portal.field_saas_portal_support_team_create_uid,Created by,Criado por,
saas_portal,model,"ir.model.fields,field_description",saas_portal.field_saas_config_create_date,Created on,Criado em,
saas_portal,model,"ir.model.fields,field_description",saas_portal.field_saas_config_fix_create_date,Created on,Criado em,
saas_portal,model,"ir.model.fields,field_description",saas_portal.field_saas_config_limit_number_of_records_line_create_date,Created on,Criado em,
saas_portal,model,"ir.model.fields,field_description",saas_portal.field_saas_config_param_create_date,Created on,Criado em,
saas_portal,model,"ir.model.fields,field_description",saas_portal.field_saas_portal_batch_delete_wizard_create_date,Created on,Criado em,
saas_portal,model,"ir.model.fields,field_description",saas_portal.field_saas_portal_client_create_date,Created on,Criado em,
saas_portal,model,"ir.model.fields,field_description",saas_portal.field_saas_portal_config_settings_create_date,Created on,Criado em,
saas_portal,model,"ir.model.fields,field_description",saas_portal.field_saas_portal_create_client_create_date,Created on,Criado em,
saas_portal,model,"ir.model.fields,field_description",saas_portal.field_saas_portal_database_create_date,Created on,Criado em,
saas_portal,model,"ir.model.fields,field_description",saas_portal.field_saas_portal_duplicate_client_create_date,Created on,Criado em,
saas_portal,model,"ir.model.fields,field_description",saas_portal.field_saas_portal_edit_database_create_date,Created on,Criado em,
saas_portal,model,"ir.model.fields,field_description",saas_portal.field_saas_portal_plan_create_date,Created on,Criado em,
saas_portal,model,"ir.model.fields,field_description",saas_portal.field_saas_portal_rename_database_create_date,Created on,Criado em,
saas_portal,model,"ir.model.fields,field_description",saas_portal.field_saas_portal_server_create_date,Created on,Criado em,
saas_portal,model,"ir.model.fields,field_description",saas_portal.field_saas_portal_subscription_log_create_date,Created on,Criado em,
saas_portal,model,"ir.model.fields,field_description",saas_portal.field_saas_portal_subscription_wizard_create_date,Created on,Criado em,
saas_portal,model,"ir.model.fields,field_description",saas_portal.field_saas_portal_support_team_create_date,Created on,Criado em,
saas_portal,model,"ir.ui.view,arch_db",saas_portal.view_server_form,Credentials for rpc,Credenciais para rpc,
saas_portal,model,"mail.template,subject",saas_portal.email_template_create_saas,Credentials:,Credenciais,
saas_portal,selection,"saas_portal.plan,lang",0,Croatian / hrvatski jezik,Croatian / hrvatski jezik,
saas_portal,model,"ir.model.fields,field_description",saas_portal.field_saas_portal_subscription_wizard_expiration,Current expiration,Current expiration,
saas_portal,selection,"saas_portal.plan,lang",0,Czech / Čeština,Czech / Čeština,
saas_portal,model,"ir.model.fields,field_description",saas_portal.field_saas_portal_plan_dbname_template,DB Names,DB Names,
saas_portal,selection,"saas_portal.plan,lang",0,Danish / Dansk,Danish / Dansk,
saas_portal,model,"ir.model.fields,field_description",saas_portal.field_saas_config_database_ids,Database,Database,
saas_portal,model,"ir.model.fields,field_description",saas_portal.field_saas_portal_duplicate_client_name,Database Name,Nome do banco de dados,
saas_portal,model,"ir.ui.view,arch_db",saas_portal.view_databases_filter,Database Name,Nome do banco de dados,
saas_portal,model,"ir.ui.view,arch_db",saas_portal.view_saas_portal_client_filter,Database Name,Nome do banco de dados,
saas_portal,model,"ir.model.fields,field_description",saas_portal.field_saas_portal_client_client_id,Database UUID,Banco de Dados UUID,
saas_portal,model,"ir.model.fields,field_description",saas_portal.field_saas_portal_database_client_id,Database UUID,Banco de Dados UUID,
saas_portal,model,"ir.model.fields,field_description",saas_portal.field_saas_portal_server_client_id,Database UUID,Banco de Dados UUID,
saas_portal,model,"ir.model.fields,field_description",saas_portal.field_saas_portal_client_name,Database name,Nome do banco de dados,
saas_portal,model,"ir.model.fields,field_description",saas_portal.field_saas_portal_create_client_name,Database name,Nome do banco de dados,
saas_portal,model,"ir.model.fields,field_description",saas_portal.field_saas_portal_database_name,Database name,Nome do banco de dados,
saas_portal,model,"ir.model.fields,field_description",saas_portal.field_saas_portal_server_name,Database name,Nome do banco de dados,
saas_portal,model,"ir.ui.view,arch_db",saas_portal.batch_delete_wizard_view_form,Delete,Deletar,
saas_portal,model,"ir.ui.view,arch_db",saas_portal.view_clients_form,Delete,Deletar,
saas_portal,selection,"saas.config,action",0,Delete,Deletar,
saas_portal,model,"ir.actions.act_window,name",saas_portal.act_delete_batch_clients,Delete Clients,Deletar Clientes,
saas_portal,model,"ir.ui.view,arch_db",saas_portal.view_clients_tree,Delete client database,Deletar banco de dados do cliente,
saas_portal,model,"ir.actions.act_window,name",saas_portal.action_view_batch_delete_wizard,Delete databases,Deletar banco de dados,
saas_portal,model,"ir.ui.view,arch_db",saas_portal.view_plans_form,Delete template DB,Deletar DB Template,
saas_portal,selection,"saas_portal.client,state",0,Deleted,Deletado,
saas_portal,selection,"saas_portal.database,state",0,Deleted,Deletado,
saas_portal,model,"ir.model.fields,field_description",saas_portal.field_saas_config_display_name,Display Name,Nome para Exibição,
saas_portal,model,"ir.model.fields,field_description",saas_portal.field_saas_config_fix_display_name,Display Name,Nome para Exibição,
saas_portal,model,"ir.model.fields,field_description",saas_portal.field_saas_config_limit_number_of_records_line_display_name,Display Name,Nome para Exibição,
saas_portal,model,"ir.model.fields,field_description",saas_portal.field_saas_config_param_display_name,Display Name,Nome para Exibição,
saas_portal,model,"ir.model.fields,field_description",saas_portal.field_saas_portal_batch_delete_wizard_display_name,Display Name,Nome para Exibição,
saas_portal,model,"ir.model.fields,field_description",saas_portal.field_saas_portal_client_display_name,Display Name,Nome para Exibição,
saas_portal,model,"ir.model.fields,field_description",saas_portal.field_saas_portal_config_settings_display_name,Display Name,Nome para Exibição,
saas_portal,model,"ir.model.fields,field_description",saas_portal.field_saas_portal_create_client_display_name,Display Name,Nome para Exibição,
saas_portal,model,"ir.model.fields,field_description",saas_portal.field_saas_portal_database_display_name,Display Name,Nome para Exibição,
saas_portal,model,"ir.model.fields,field_description",saas_portal.field_saas_portal_duplicate_client_display_name,Display Name,Nome para Exibição,
saas_portal,model,"ir.model.fields,field_description",saas_portal.field_saas_portal_edit_database_display_name,Display Name,Nome para Exibição,
saas_portal,model,"ir.model.fields,field_description",saas_portal.field_saas_portal_plan_display_name,Display Name,Nome para Exibição,
saas_portal,model,"ir.model.fields,field_description",saas_portal.field_saas_portal_rename_database_display_name,Display Name,Nome para Exibição,
saas_portal,model,"ir.model.fields,field_description",saas_portal.field_saas_portal_server_display_name,Display Name,Nome para Exibição,
saas_portal,model,"ir.model.fields,field_description",saas_portal.field_saas_portal_subscription_log_display_name,Display Name,Nome para Exibição,
saas_portal,model,"ir.model.fields,field_description",saas_portal.field_saas_portal_subscription_wizard_display_name,Display Name,Nome para Exibição,
saas_portal,model,"ir.model.fields,field_description",saas_portal.field_saas_portal_support_team_display_name,Display Name,Nome para Exibição,
saas_portal,model,"ir.model.fields,field_description",saas_portal.field_saas_config_limit_number_of_records_line_domain,Domain,Domínio,
saas_portal,model,"ir.ui.view,arch_db",saas_portal.view_saas_portal__config_settings,Domain,Domínio,
saas_portal,selection,"saas_portal.plan,state",0,Draft,Rascunho,
saas_portal,model,"ir.ui.view,arch_db",saas_portal.saas_portal_duplicate_client_view_form,Duplicate,Duplicar,
saas_portal,model,"ir.ui.view,arch_db",saas_portal.saas_portal_duplicate_client_view_form,Duplicate client,Duplicar cliente,
saas_portal,selection,"saas_portal.plan,lang",0,Dutch (BE) / Nederlands (BE),Dutch (BE) / Nederlands (BE),
saas_portal,selection,"saas_portal.plan,lang",0,Dutch / Nederlands,Dutch / Nederlands,
saas_portal,selection,"saas.config,action",0,Edit,Edit,
saas_portal,model,"ir.actions.act_window,name",saas_portal.action_edit_database,Edit Database,Editar Base de Dados,
saas_portal,model,"ir.ui.view,arch_db",saas_portal.saas_portal_edit_database_view_form,Edit Database,Editar Base de Dados,
saas_portal,model,"ir.model.fields,field_description",saas_portal.field_saas_portal_edit_database_edit_database_url,Edit database url,Editar URL do banco de dados,
saas_portal,selection,"saas_portal.plan,lang",0,English,English,
saas_portal,selection,"saas_portal.plan,lang",0,English (AU),English (AU),
saas_portal,selection,"saas_portal.plan,lang",0,English (UK),English (UK),
saas_portal,model,"ir.ui.view,arch_db",saas_portal.view_saas_portal__config_settings,Error pages,Error pages,
saas_portal,selection,"saas_portal.plan,lang",0,Estonian / Eesti keel,Estonian / Eesti keel,
saas_portal,model,"ir.ui.view,arch_db",saas_portal.action_database_form,Execute,Executar,
saas_portal,model,"ir.model.fields,field_description",saas_portal.field_saas_portal_client_expiration_datetime,Expiration,Expiração,
saas_portal,model,"ir.model.fields,field_description",saas_portal.field_saas_portal_duplicate_client_expiration,Expiration,Expiração,
saas_portal,model,"ir.model.fields,field_description",saas_portal.field_saas_portal_plan_expiration,Expiration (hours),Expiração (horas),
saas_portal,model,"ir.model.fields,field_description",saas_portal.field_saas_portal_client_expiration_datetime_sent,Expiration datetime sent,Data de validade enviada,
saas_portal,model,"ir.model.fields,field_description",saas_portal.field_saas_portal_config_settings_expiration_notify_in_advance,Expiration notify in advance,Notificação do vencimento antecipada,
saas_portal,model,"mail.template,subject",saas_portal.email_template_expiration_datetime_updated,Expiration updated,Vencimento atualizado,
saas_portal,model,"ir.model.fields,field_description",saas_portal.field_saas_portal_client_expired,Expired,Expirado,
saas_portal,model,"ir.ui.view,arch_db",saas_portal.view_saas_portal__config_settings,Features,Recursos,
saas_portal,selection,"saas_portal.plan,lang",0,Finnish / Suomi,Finnish / Suomi,
saas_portal,model,"ir.model.fields,field_description",saas_portal.field_saas_config_fix_ids,Fixes,Fixes,
saas_portal,selection,"saas_portal.plan,lang",0,French (BE) / Français (BE),French (BE) / Français (BE),
saas_portal,selection,"saas_portal.plan,lang",0,French (CA) / Français (CA),French (CA) / Français (CA),
saas_portal,selection,"saas_portal.plan,lang",0,French (CH) / Français (CH),French (CH) / Français (CH),
saas_portal,selection,"saas_portal.plan,lang",0,French / Français,French / Français,
saas_portal,selection,"saas_portal.plan,lang",0,Galician / Galego,Galician / Galego,
saas_portal,selection,"saas_portal.plan,lang",0,Georgian / ქართული ენა,Georgian / ქართული ენა,
saas_portal,selection,"saas_portal.plan,lang",0,German (CH) / Deutsch (CH),German (CH) / Deutsch (CH),
saas_portal,selection,"saas_portal.plan,lang",0,German / Deutsch,German / Deutsch,
saas_portal,selection,"saas_portal.plan,on_create",0,Go to information page that says to check email for credentials,Entre no seu email para verificar aas credenciais de acesso.,
saas_portal,model,"ir.model.fields,field_description",saas_portal.field_saas_portal_plan_grace_period,Grace period (days),"Período de graça (dias)
",
saas_portal,model,"ir.model.fields,field_description",saas_portal.field_saas_config_access_owner_add,Grant access to Owner,Conceder acesso ao proprietário,
saas_portal,selection,"saas_portal.plan,lang",0,Greek / Ελληνικά,Greek / Ελληνικά,
saas_portal,model,"ir.ui.view,arch_db",saas_portal.view_saas_portal_client_filter,Group By,Agrupar Por,
saas_portal,selection,"saas_portal.plan,lang",0,Gujarati / ગુજરાતી,Gujarati / ગુજરાતી,
saas_portal,selection,"saas_portal.plan,lang",0,Hebrew / עִבְרִי,Hebrew / עִבְרִי,
saas_portal,model,"ir.model.fields,field_description",saas_portal.field_saas_config_param_hidden,Hidden parameter,Hidden parameter,
saas_portal,selection,"saas_portal.plan,lang",0,Hindi / हिंदी,Hindi / हिंदी,
saas_portal,model,"ir.model.fields,field_description",saas_portal.field_saas_portal_client_host,Host,Host,
saas_portal,model,"ir.model.fields,field_description",saas_portal.field_saas_portal_database_host,Host,Host,
saas_portal,model,"ir.model.fields,field_description",saas_portal.field_saas_portal_server_host,Host,Host,
saas_portal,selection,"saas_portal.plan,lang",0,Hungarian / Magyar,Hungarian / Magyar,
saas_portal,model,"ir.model.fields,field_description",saas_portal.field_saas_config_fix_id,ID,ID,
saas_portal,model,"ir.model.fields,field_description",saas_portal.field_saas_config_id,ID,ID,
saas_portal,model,"ir.model.fields,field_description",saas_portal.field_saas_config_limit_number_of_records_line_id,ID,ID,
saas_portal,model,"ir.model.fields,field_description",saas_portal.field_saas_config_param_id,ID,ID,
saas_portal,model,"ir.model.fields,field_description",saas_portal.field_saas_portal_batch_delete_wizard_id,ID,ID,
saas_portal,model,"ir.model.fields,field_description",saas_portal.field_saas_portal_client_id,ID,ID,
saas_portal,model,"ir.model.fields,field_description",saas_portal.field_saas_portal_config_settings_id,ID,ID,
saas_portal,model,"ir.model.fields,field_description",saas_portal.field_saas_portal_create_client_id,ID,ID,
saas_portal,model,"ir.model.fields,field_description",saas_portal.field_saas_portal_database_id,ID,ID,
saas_portal,model,"ir.model.fields,field_description",saas_portal.field_saas_portal_duplicate_client_id,ID,ID,
saas_portal,model,"ir.model.fields,field_description",saas_portal.field_saas_portal_edit_database_id,ID,ID,
saas_portal,model,"ir.model.fields,field_description",saas_portal.field_saas_portal_plan_id,ID,ID,
saas_portal,model,"ir.model.fields,field_description",saas_portal.field_saas_portal_rename_database_id,ID,ID,
saas_portal,model,"ir.model.fields,field_description",saas_portal.field_saas_portal_server_id,ID,ID,
saas_portal,model,"ir.model.fields,field_description",saas_portal.field_saas_portal_subscription_log_id,ID,ID,
saas_portal,model,"ir.model.fields,field_description",saas_portal.field_saas_portal_subscription_wizard_id,ID,ID,
saas_portal,model,"ir.model.fields,field_description",saas_portal.field_saas_portal_support_team_id,ID,ID,
saas_portal,model,"ir.ui.view,arch_db",saas_portal.view_saas_portal_client_filter,In Progress,Em Progresso,
saas_portal,selection,"saas_portal.client,state",0,In Progress,Em Progresso,
saas_portal,selection,"saas_portal.database,state",0,In Progress,Em Progresso,
saas_portal,selection,"saas_portal.plan,lang",0,Indonesian / Bahasa Indonesia,Indonesian / Bahasa Indonesia,
saas_portal,model,"ir.ui.view,arch_db",saas_portal.information,Information,Informação,
saas_portal,model,"ir.model.fields,field_description",saas_portal.field_saas_portal_plan_max_users,Initial Max users,Usuários máximos iniciais,
saas_portal,model,"ir.model.fields,field_description",saas_portal.field_saas_portal_client_period_initial,Initial period for trial (hours),Período inicial para trial (horas),
saas_portal,model,"ir.model.fields,field_description",saas_portal.field_saas_config_install_addons,Install Addons,Instalar addons,
saas_portal,model,"ir.model.fields,field_description",saas_portal.field_saas_portal_plan_demo,Install Demo Data,Instalar Demo Data,
saas_portal,selection,"saas_portal.plan,lang",0,Italian / Italiano,Italian / Italiano,
saas_portal,selection,"saas_portal.plan,lang",0,Japanese / 日本語,Japanese / 日本語,
saas_portal,selection,"saas_portal.plan,lang",0,Kabyle / Taqbaylit,Kabyle / Taqbaylit,
saas_portal,model,"ir.model.fields,field_description",saas_portal.field_saas_config_param_key,Key,Chave,
saas_portal,selection,"saas_portal.plan,lang",0,Khmer / ភាសាខ្មែរ,Khmer / ភាសាខ្មែរ,
saas_portal,selection,"saas_portal.plan,lang",0,Korean (KP) / 한국어 (KP),Korean (KP) / 한국어 (KP),
saas_portal,selection,"saas_portal.plan,lang",0,Korean (KR) / 한국어 (KR),Korean (KR) / 한국어 (KR),
saas_portal,model,"ir.model.fields,field_description",saas_portal.field_saas_portal_plan_lang,Language,Idioma,
saas_portal,selection,"saas_portal.plan,lang",0,Lao / ພາສາລາວ,Lao / ພາສາລາວ,
saas_portal,model,"ir.model.fields,field_description",saas_portal.field_oauth_application_last_connection,Last Connection,Última Conexão,
saas_portal,model,"ir.model.fields,field_description",saas_portal.field_saas_portal_client_last_connection,Last Connection,Última Conexão,
saas_portal,model,"ir.model.fields,field_description",saas_portal.field_saas_portal_database_last_connection,Last Connection,Última Conexão,
saas_portal,model,"ir.model.fields,field_description",saas_portal.field_saas_portal_server_last_connection,Last Connection,Última Conexão,
saas_portal,model,"ir.model.fields,field_description",saas_portal.field_saas_config___last_update,Last Modified on,Última Modificação em,
saas_portal,model,"ir.model.fields,field_description",saas_portal.field_saas_config_fix___last_update,Last Modified on,Última Modificação em,
saas_portal,model,"ir.model.fields,field_description",saas_portal.field_saas_config_limit_number_of_records_line___last_update,Last Modified on,Última Modificação em,
saas_portal,model,"ir.model.fields,field_description",saas_portal.field_saas_config_param___last_update,Last Modified on,Última Modificação em,
saas_portal,model,"ir.model.fields,field_description",saas_portal.field_saas_portal_batch_delete_wizard___last_update,Last Modified on,Última Modificação em,
saas_portal,model,"ir.model.fields,field_description",saas_portal.field_saas_portal_client___last_update,Last Modified on,Última Modificação em,
saas_portal,model,"ir.model.fields,field_description",saas_portal.field_saas_portal_config_settings___last_update,Last Modified on,Última Modificação em,
saas_portal,model,"ir.model.fields,field_description",saas_portal.field_saas_portal_create_client___last_update,Last Modified on,Última Modificação em,
saas_portal,model,"ir.model.fields,field_description",saas_portal.field_saas_portal_database___last_update,Last Modified on,Última Modificação em,
saas_portal,model,"ir.model.fields,field_description",saas_portal.field_saas_portal_duplicate_client___last_update,Last Modified on,Última Modificação em,
saas_portal,model,"ir.model.fields,field_description",saas_portal.field_saas_portal_edit_database___last_update,Last Modified on,Última Modificação em,
saas_portal,model,"ir.model.fields,field_description",saas_portal.field_saas_portal_plan___last_update,Last Modified on,Última Modificação em,
saas_portal,model,"ir.model.fields,field_description",saas_portal.field_saas_portal_rename_database___last_update,Last Modified on,Última Modificação em,
saas_portal,model,"ir.model.fields,field_description",saas_portal.field_saas_portal_server___last_update,Last Modified on,Última Modificação em,
saas_portal,model,"ir.model.fields,field_description",saas_portal.field_saas_portal_subscription_log___last_update,Last Modified on,Última Modificação em,
saas_portal,model,"ir.model.fields,field_description",saas_portal.field_saas_portal_subscription_wizard___last_update,Last Modified on,Última Modificação em,
saas_portal,model,"ir.model.fields,field_description",saas_portal.field_saas_portal_support_team___last_update,Last Modified on,Última Modificação em,
saas_portal,model,"ir.model.fields,field_description",saas_portal.field_saas_config_fix_write_uid,Last Updated by,Última atualização por,
saas_portal,model,"ir.model.fields,field_description",saas_portal.field_saas_config_limit_number_of_records_line_write_uid,Last Updated by,Última atualização por,
saas_portal,model,"ir.model.fields,field_description",saas_portal.field_saas_config_param_write_uid,Last Updated by,Última atualização por,
saas_portal,model,"ir.model.fields,field_description",saas_portal.field_saas_config_write_uid,Last Updated by,Última atualização por,
saas_portal,model,"ir.model.fields,field_description",saas_portal.field_saas_portal_batch_delete_wizard_write_uid,Last Updated by,Última atualização por,
saas_portal,model,"ir.model.fields,field_description",saas_portal.field_saas_portal_client_write_uid,Last Updated by,Última atualização por,
saas_portal,model,"ir.model.fields,field_description",saas_portal.field_saas_portal_config_settings_write_uid,Last Updated by,Última atualização por,
saas_portal,model,"ir.model.fields,field_description",saas_portal.field_saas_portal_create_client_write_uid,Last Updated by,Última atualização por,
saas_portal,model,"ir.model.fields,field_description",saas_portal.field_saas_portal_database_write_uid,Last Updated by,Última atualização por,
saas_portal,model,"ir.model.fields,field_description",saas_portal.field_saas_portal_duplicate_client_write_uid,Last Updated by,Última atualização por,
saas_portal,model,"ir.model.fields,field_description",saas_portal.field_saas_portal_edit_database_write_uid,Last Updated by,Última atualização por,
saas_portal,model,"ir.model.fields,field_description",saas_portal.field_saas_portal_plan_write_uid,Last Updated by,Última atualização por,
saas_portal,model,"ir.model.fields,field_description",saas_portal.field_saas_portal_rename_database_write_uid,Last Updated by,Última atualização por,
saas_portal,model,"ir.model.fields,field_description",saas_portal.field_saas_portal_server_write_uid,Last Updated by,Última atualização por,
saas_portal,model,"ir.model.fields,field_description",saas_portal.field_saas_portal_subscription_log_write_uid,Last Updated by,Última atualização por,
saas_portal,model,"ir.model.fields,field_description",saas_portal.field_saas_portal_subscription_wizard_write_uid,Last Updated by,Última atualização por,
saas_portal,model,"ir.model.fields,field_description",saas_portal.field_saas_portal_support_team_write_uid,Last Updated by,Última atualização por,
saas_portal,model,"ir.model.fields,field_description",saas_portal.field_saas_config_fix_write_date,Last Updated on,Última atualização em,
saas_portal,model,"ir.model.fields,field_description",saas_portal.field_saas_config_limit_number_of_records_line_write_date,Last Updated on,Última atualização em,
saas_portal,model,"ir.model.fields,field_description",saas_portal.field_saas_config_param_write_date,Last Updated on,Última atualização em,
saas_portal,model,"ir.model.fields,field_description",saas_portal.field_saas_config_write_date,Last Updated on,Última atualização em,
saas_portal,model,"ir.model.fields,field_description",saas_portal.field_saas_portal_batch_delete_wizard_write_date,Last Updated on,Última atualização em,
saas_portal,model,"ir.model.fields,field_description",saas_portal.field_saas_portal_client_write_date,Last Updated on,Última atualização em,
saas_portal,model,"ir.model.fields,field_description",saas_portal.field_saas_portal_config_settings_write_date,Last Updated on,Última atualização em,
saas_portal,model,"ir.model.fields,field_description",saas_portal.field_saas_portal_create_client_write_date,Last Updated on,Última atualização em,
saas_portal,model,"ir.model.fields,field_description",saas_portal.field_saas_portal_database_write_date,Last Updated on,Última atualização em,
saas_portal,model,"ir.model.fields,field_description",saas_portal.field_saas_portal_duplicate_client_write_date,Last Updated on,Última atualização em,
saas_portal,model,"ir.model.fields,field_description",saas_portal.field_saas_portal_edit_database_write_date,Last Updated on,Última atualização em,
saas_portal,model,"ir.model.fields,field_description",saas_portal.field_saas_portal_plan_write_date,Last Updated on,Última atualização em,
saas_portal,model,"ir.model.fields,field_description",saas_portal.field_saas_portal_rename_database_write_date,Last Updated on,Última atualização em,
saas_portal,model,"ir.model.fields,field_description",saas_portal.field_saas_portal_server_write_date,Last Updated on,Última atualização em,
saas_portal,model,"ir.model.fields,field_description",saas_portal.field_saas_portal_subscription_log_write_date,Last Updated on,Última atualização em,
saas_portal,model,"ir.model.fields,field_description",saas_portal.field_saas_portal_subscription_wizard_write_date,Last Updated on,Última atualização em,
saas_portal,model,"ir.model.fields,field_description",saas_portal.field_saas_portal_support_team_write_date,Last Updated on,Última atualização em,
saas_portal,selection,"saas_portal.plan,lang",0,Latvian / latviešu valoda,Latvian / latviešu valoda,
saas_portal,model,"ir.ui.view,arch_db",saas_portal.action_database_form,Limit Number Of Records,Limite de registros,
saas_portal,model,"ir.model.fields,field_description",saas_portal.field_saas_config_limit_line_ids,Limit line,Limitar linha,
saas_portal,selection,"saas_portal.plan,lang",0,Lithuanian / Lietuvių kalba,Lithuanian / Lietuvių kalba,
saas_portal,model,"ir.model.fields,field_description",saas_portal.field_saas_portal_server_local_host,Local host,Local host,
saas_portal,model,"ir.model.fields,field_description",saas_portal.field_saas_portal_server_local_port,Local port,Local port,
saas_portal,model,"ir.ui.view,arch_db",saas_portal.view_clients_form,Log in,Acessar,
saas_portal,model,"ir.ui.view,arch_db",saas_portal.view_clients_form,Log in to client database.,Logar no banco de dados do cliente.,
saas_portal,model,"ir.ui.view,arch_db",saas_portal.view_clients_tree,Log in to client database.,Logar no banco de dados do cliente.,
saas_portal,model,"ir.ui.view,arch_db",saas_portal.view_plans_form,Log in to template DB,Logar no BD Template,
saas_portal,selection,"saas_portal.plan,on_create",0,Log into just created instance,Logar na instância criada,
saas_portal,model,"ir.model.fields,field_description",saas_portal.field_saas_portal_plan_logo,Logo,Logo,
saas_portal,selection,"saas_portal.plan,lang",0,Macedonian / македонски јазик,Macedonian / македонски јазик,
saas_portal,model,"ir.ui.view,arch_db",saas_portal.view_clients_form,Manage subscription,Manage subscription,
saas_portal,model,"ir.ui.view,arch_db",saas_portal.view_clients_tree,Manage subscription,Manage subscription,
saas_portal,model,"ir.actions.act_window,name",saas_portal.action_view_subscription_wizard,Manage subsription,Manage subsription,
saas_portal,model,"ir.model.fields,field_description",saas_portal.field_saas_config_limit_number_of_records_line_max_records,Maximum Records,Máximo de Registros,
saas_portal,model,"ir.model.fields,field_description",saas_portal.field_saas_portal_plan_maximum_allowed_dbs_per_partner,Maximum allowed dbs per partner,Máximo de BDs permitido por parceiro,
saas_portal,model,"ir.model.fields,field_description",saas_portal.field_saas_portal_plan_maximum_allowed_trial_dbs_per_partner,Maximum allowed trial dbs per partner,Máximo de BDs Trial permitido por parceiro,
saas_portal,model,"ir.model.fields,field_description",saas_portal.field_saas_config_fix_method,Method,Método,
saas_portal,model,"ir.model.fields,field_description",saas_portal.field_saas_config_fix_model,Model,Modelo,
saas_portal,model,"ir.model.fields,field_description",saas_portal.field_saas_config_limit_number_of_records_line_model,Model,Modelo,
saas_portal,selection,"saas_portal.plan,lang",0,Mongolian / монгол,Mongolian / монгол,
saas_portal,model,"ir.model.fields,field_description",saas_portal.field_saas_portal_edit_database_name,Name,Nome,
saas_portal,model,"ir.ui.view,arch_db",saas_portal.view_plans_form,Name,Nome,
saas_portal,selection,"saas_portal.client,state",0,New,Novo,
saas_portal,selection,"saas_portal.database,state",0,New,Novo,
saas_portal,model,"ir.model.fields,field_description",saas_portal.field_saas_portal_rename_database_name,New Name,Novo Nome,
saas_portal,model,"ir.model.fields,field_description",saas_portal.field_saas_portal_subscription_log_expiration_new,New expiration,Nova expiração,
saas_portal,model,"ir.model.fields,field_description",saas_portal.field_saas_portal_subscription_wizard_expiration_new,New expiration,Nova expiração,
saas_portal,selection,"saas_portal.plan,lang",0,Norwegian Bokmål / Norsk bokmål,Norwegian Bokmål / Norsk bokmål,
saas_portal,model,"mail.template,subject",saas_portal.email_template_expiration_notify,Notification,Notificação,
saas_portal,model,"mail.template,subject",saas_portal.email_template_has_expired_notify,Notification,Notificação,
saas_portal,model,"mail.template,subject",saas_portal.email_template_storage_exceed,Notification,Notificação,
saas_portal,model,"ir.model.fields,field_description",saas_portal.field_saas_portal_client_notification_sent,Notification sent,Notificação Enviada,
saas_portal,model,"ir.ui.view,arch_db",saas_portal.view_saas_portal__config_settings,Notifications,Notificações,
saas_portal,model,"ir.model.fields,help",saas_portal.field_saas_portal_config_settings_expiration_notify_in_advance,Notify partners when less then defined number of days left befor expiration,Notificar parceiros quando o número definido de dias restantes para a expiração é inferior,
saas_portal,model,"ir.model.fields,field_description",saas_portal.field_saas_portal_create_client_notify_user,Notify user,Notificar usuário,
saas_portal,model,"ir.model.fields,help",saas_portal.field_saas_portal_create_client_notify_user,Notify user by email when database will have been created,Notificar usuário por email quando o banco de dados for criado,
saas_portal,model,"ir.model.fields,field_description",saas_portal.field_saas_portal_client_oauth_application_id,OAuth Application,OAuth Application,
saas_portal,model,"ir.model.fields,field_description",saas_portal.field_saas_portal_database_oauth_application_id,OAuth Application,OAuth Application,
saas_portal,model,"ir.model.fields,field_description",saas_portal.field_saas_portal_server_oauth_application_id,OAuth Application,OAuth Application,
saas_portal,model,"ir.actions.act_window,name",saas_portal.oauth_applications,OAuth Applications,OAuth Applications,
saas_portal,model,"ir.ui.menu,name",saas_portal.menu_oauth_applications,OAuth Applications,OAuth Applications,
saas_portal,model,"ir.ui.view,arch_db",saas_portal.view_plans_form,Odoo DB Settings,Odoo DB Settings,
saas_portal,model,"ir.model.fields,field_description",saas_portal.field_saas_portal_server_odoo_version,Odoo version,Versão Odoo,
saas_portal,model,"ir.model.fields,field_description",saas_portal.field_saas_portal_plan_on_create_email_template,On create email template,Ao criar template de email,
saas_portal,model,"ir.ui.view,arch_db",saas_portal.view_server_form,Open Server,Abrir Servidor,
saas_portal,model,"ir.model.fields,field_description",saas_portal.field_saas_portal_config_settings_page_for_maximumdb,Page for maximumdb,Página para maximumdb,
saas_portal,model,"ir.model.fields,field_description",saas_portal.field_saas_portal_config_settings_page_for_maximumtrialdb,Page for maximumtrialdb,Página para maximumtrialdb,
saas_portal,model,"ir.model.fields,field_description",saas_portal.field_saas_portal_config_settings_page_for_nonfree_subdomains,Page for nonfree subdomains,Página para subdomínios não gratuitos,
saas_portal,model,"ir.model.fields,field_description",saas_portal.field_saas_config_param_ids,Parameters,Parâmetros,
saas_portal,model,"ir.ui.view,arch_db",saas_portal.action_database_form,Parameters,Parâmetros,
saas_portal,model,"ir.model.fields,field_description",saas_portal.field_saas_portal_client_partner_id,Partner,Parceiro,
saas_portal,model,"ir.model.fields,field_description",saas_portal.field_saas_portal_create_client_partner_id,Partner,Parceiro,
saas_portal,model,"ir.model.fields,field_description",saas_portal.field_saas_portal_duplicate_client_partner_id,Partner,Parceiro,
saas_portal,model,"ir.model.fields,field_description",saas_portal.field_saas_portal_client_password,Password,Senha,
saas_portal,model,"ir.model.fields,field_description",saas_portal.field_saas_portal_database_password,Password,Senha,
saas_portal,model,"ir.model.fields,field_description",saas_portal.field_saas_portal_server_password,Password,Senha,
saas_portal,selection,"saas_portal.client,state",0,Pending,Pendente,
saas_portal,selection,"saas_portal.database,state",0,Pending,Pendente,
saas_portal,selection,"saas_portal.plan,lang",0,Persian / فارس,Persian / فارس,
saas_portal,model,"ir.model.fields,field_description",saas_portal.field_saas_portal_client_plan_id,Plan,Plano,
saas_portal,model,"ir.model.fields,field_description",saas_portal.field_saas_portal_create_client_plan_id,Plan,Plano,
saas_portal,model,"ir.model.fields,field_description",saas_portal.field_saas_portal_plan_name,Plan,Plano,
saas_portal,model,"ir.ui.view,arch_db",saas_portal.view_saas_portal_client_filter,Plan,Plano,
saas_portal,model,"ir.ui.view,arch_db",saas_portal.view_plans_form,Plan Settings,Configuraçõs do Plano,
saas_portal,model,"ir.ui.view,arch_db",saas_portal.try_trial,Plan:,Plano:,
saas_portal,model,"ir.actions.act_window,name",saas_portal.action_plans,Plans,Planos,
saas_portal,model,"ir.ui.menu,name",saas_portal.menu_plans,Plans,Planos,
saas_portal,model,"ir.ui.view,arch_db",saas_portal.view_databases_tree,Plans,Planos,
saas_portal,model,"ir.ui.view,arch_db",saas_portal.view_plans_tree,Plans,Planos,
saas_portal,model,"ir.ui.view,arch_db",saas_portal.subscription_wizard_view_form,Please Enter new expiration date or cancel,Digite uma nova data de validade ou cancele,
saas_portal,selection,"saas_portal.plan,lang",0,Polish / Język polski,Polish / Język polski,
saas_portal,selection,"saas_portal.plan,lang",0,Portuguese (BR) / Português (BR),Portuguese (BR) / Português (BR),
saas_portal,selection,"saas_portal.plan,lang",0,Portuguese / Português,Portuguese / Português,
saas_portal,model,"ir.model.fields,field_description",saas_portal.field_saas_portal_subscription_log_expiration,Previous expiration,Vencimento anterior,
saas_portal,model,"ir.model.fields,field_description",saas_portal.field_saas_portal_client_public_url,Public url,URL Público,
saas_portal,model,"ir.model.fields,field_description",saas_portal.field_saas_portal_database_public_url,Public url,URL Público,
saas_portal,model,"ir.model.fields,field_description",saas_portal.field_saas_portal_subscription_log_reason,Reason,Motivo,
saas_portal,model,"ir.model.fields,field_description",saas_portal.field_saas_portal_subscription_wizard_reason,Reason of new expiration,Razão da nova expiração,
saas_portal,model,"ir.ui.view,arch_db",saas_portal.subscription_wizard_view_form,Received Vehicle,Received Vehicle,
saas_portal,model,"ir.model.fields,help",saas_portal.field_saas_portal_config_settings_page_for_maximumdb,Redirection url for maximum non-trial databases limit exception,URL de redirecionamento para o máximo de bancos de dados não trial que atingem o limite,
saas_portal,model,"ir.model.fields,help",saas_portal.field_saas_portal_config_settings_page_for_maximumtrialdb,Redirection url for maximum trial databases limit exception,URL de redirecionamento para o máximo de bancos de dados trial que atingem o limite,
saas_portal,model,"ir.model.fields,help",saas_portal.field_saas_portal_config_settings_page_for_nonfree_subdomains,Redirection url from /page/start when subdomains is not free and not paid,URL de redirecionamento de /page/start quando o subdomínio não é gratuito e não está pago,
saas_portal,model,"ir.ui.view,arch_db",saas_portal.saas_portal_rename_database_view_form,Rename,Renomear,
saas_portal,model,"ir.actions.act_window,name",saas_portal.action_rename_database,Rename Database,Renomear banco de dados,
saas_portal,model,"ir.ui.view,arch_db",saas_portal.view_clients_form,Rename Database,Renomear banco de dados,
saas_portal,model,"ir.model.fields,field_description",saas_portal.field_saas_portal_server_request_port,Request Port,Request Port,
saas_portal,model,"ir.model.fields,field_description",saas_portal.field_saas_config_access_remove,Restrict access,Restrict access,
saas_portal,model,"ir.model.fields,help",saas_portal.field_saas_config_access_remove,"Restrict access for all users except super-user.
Note, that ","Restrict access for all users except super-user.
Note, that ",
saas_portal,model,"ir.model.fields,field_description",saas_portal.field_saas_config_description,Result,Resultado,
saas_portal,model,"ir.ui.view,arch_db",saas_portal.action_database_form,Result,Resultado,
saas_portal,selection,"saas_portal.plan,lang",0,Romanian / română,Romanian / română,
saas_portal,selection,"saas_portal.plan,lang",0,Russian / русский язык,Russian / русский язык,
saas_portal,model,"ir.ui.menu,name",saas_portal.menu_base_saas,SaaS,SaaS,
saas_portal,model,"ir.ui.menu,name",saas_portal.menu_saas,SaaS,SaaS,
saas_portal,model,"ir.actions.act_window,name",saas_portal.action_saas_portal_configuration,SaaS Portal Settings,Configurações SaaS Portal,
saas_portal,model,"ir.ui.menu,name",saas_portal.menu_saas_portal_configuration,SaaS Portal Settings,Configurações SaaS Portal,
saas_portal,model,"ir.model,name",saas_portal.model_saas_portal_server,SaaS Server,Servidor SaaS,
saas_portal,model,"ir.model.fields,field_description",saas_portal.field_saas_portal_plan_server_id,SaaS Server,Servidor SaaS,
saas_portal,model,"ir.model.fields,field_description",saas_portal.field_saas_portal_config_settings_module_saas_portal_sale_online,Sale SaaS from website shop,Vender SaaS apartir da shop no website,
saas_portal,model,"ir.model.fields,field_description",saas_portal.field_saas_portal_client_user_id,Salesperson,Vendedor,
saas_portal,model,"ir.model.fields,field_description",saas_portal.field_saas_portal_server_local_request_scheme,Scheme,Scheme,
saas_portal,model,"ir.model.fields,field_description",saas_portal.field_saas_portal_server_request_scheme,Scheme,Scheme,
saas_portal,model,"ir.ui.view,arch_db",saas_portal.view_saas_portal_client_filter,Search Client,Procurar Cliente,
saas_portal,model,"ir.ui.view,arch_db",saas_portal.view_databases_filter,Search Databases,Procurar Banco de Dados,
saas_portal,model,"ir.ui.view,arch_db",saas_portal.batch_delete_wizard_view_form,Selected databases will be deleted from the server,Os bancos de dados selecionados serão excluídos do servidor,
saas_portal,model,"ir.actions.server,name",saas_portal.send_saas_expiration_info_action,Send SaaS expiration info,Enviar info da expiração SaaS,
saas_portal,model,"ir.model.fields,field_description",saas_portal.field_saas_portal_plan_sequence,Sequence,Sequência,
saas_portal,model,"ir.model.fields,field_description",saas_portal.field_saas_portal_server_sequence,Sequence,Sequência,
saas_portal,selection,"saas_portal.plan,lang",0,Serbian (Cyrillic) / српски,Serbian (Cyrillic) / српски,
saas_portal,selection,"saas_portal.plan,lang",0,Serbian (Latin) / srpski,Serbian (Latin) / srpski,
saas_portal,model,"ir.model.fields,field_description",saas_portal.field_saas_portal_client_server_id,Server,Servidor,
saas_portal,model,"ir.model.fields,field_description",saas_portal.field_saas_portal_database_server_id,Server,Servidor,
saas_portal,model,"ir.ui.view,arch_db",saas_portal.view_server_form,Server,Servidor,
saas_portal,model,"ir.ui.view,arch_db",saas_portal.view_server_tree,Server,Servidor,
saas_portal,model,"ir.model.fields,field_description",saas_portal.field_oauth_application_server_db_ids,Server Database,Base de Dados do Servidor,
saas_portal,model,"ir.model.fields,field_description",saas_portal.field_saas_portal_client_server_db_ids,Server Database,Base de Dados do Servidor,
saas_portal,model,"ir.model.fields,field_description",saas_portal.field_saas_portal_database_server_db_ids,Server Database,Base de Dados do Servidor,
saas_portal,model,"ir.model.fields,field_description",saas_portal.field_saas_portal_server_server_db_ids,Server Database,Base de Dados do Servidor,
saas_portal,model,"ir.ui.view,arch_db",saas_portal.oauth_application_form,Server Database,Base de Dados do Servidor,
saas_portal,model,"ir.ui.view,arch_db",saas_portal.view_server_form,Server-side requests,Server-side requests,
saas_portal,model,"ir.actions.act_window,name",saas_portal.action_server,Servers,Servidores,
saas_portal,model,"ir.ui.menu,name",saas_portal.menu_server,Servers,Servidores,
saas_portal,model,"ir.ui.view,arch_db",saas_portal.view_clients_form,Settings,Configurações,
saas_portal,selection,"saas_portal.plan,lang",0,Slovak / Slovenský jazyk,Slovak / Slovenský jazyk,
saas_portal,selection,"saas_portal.plan,lang",0,Slovenian / slovenščina,Slovenian / slovenščina,
saas_portal,selection,"saas_portal.plan,lang",0,Spanish (AR) / Español (AR),Spanish (AR) / Español (AR),
saas_portal,selection,"saas_portal.plan,lang",0,Spanish (BO) / Español (BO),Spanish (BO) / Español (BO),
saas_portal,selection,"saas_portal.plan,lang",0,Spanish (CL) / Español (CL),Spanish (CL) / Español (CL),
saas_portal,selection,"saas_portal.plan,lang",0,Spanish (CO) / Español (CO),Spanish (CO) / Español (CO),
saas_portal,selection,"saas_portal.plan,lang",0,Spanish (CR) / Español (CR),Spanish (CR) / Español (CR),
saas_portal,selection,"saas_portal.plan,lang",0,Spanish (DO) / Español (DO),Spanish (DO) / Español (DO),
saas_portal,selection,"saas_portal.plan,lang",0,Spanish (EC) / Español (EC),Spanish (EC) / Español (EC),
saas_portal,selection,"saas_portal.plan,lang",0,Spanish (GT) / Español (GT),Spanish (GT) / Español (GT),
saas_portal,selection,"saas_portal.plan,lang",0,Spanish (MX) / Español (MX),Spanish (MX) / Español (MX),
saas_portal,selection,"saas_portal.plan,lang",0,Spanish (PA) / Español (PA),Spanish (PA) / Español (PA),
saas_portal,selection,"saas_portal.plan,lang",0,Spanish (PE) / Español (PE),Spanish (PE) / Español (PE),
saas_portal,selection,"saas_portal.plan,lang",0,Spanish (PY) / Español (PY),Spanish (PY) / Español (PY),
saas_portal,selection,"saas_portal.plan,lang",0,Spanish (UY) / Español (UY),Spanish (UY) / Español (UY),
saas_portal,selection,"saas_portal.plan,lang",0,Spanish (VE) / Español (VE),Spanish (VE) / Español (VE),
saas_portal,selection,"saas_portal.plan,lang",0,Spanish / Español,Spanish / Español,
saas_portal,model,"ir.model.fields,field_description",saas_portal.field_saas_portal_client_state,State,Estado,
saas_portal,model,"ir.model.fields,field_description",saas_portal.field_saas_portal_database_state,State,Estado,
saas_portal,model,"ir.model.fields,field_description",saas_portal.field_saas_portal_plan_state,State,Estado,
saas_portal,model,"ir.model.fields,field_description",saas_portal.field_saas_portal_client_storage_exceed,Storage limit has been exceed,O limite de armazenamento foi excedido,
saas_portal,model,"ir.model.fields,field_description",saas_portal.field_saas_portal_client_period_paid,Subscribed period (paid days),Período subscrito (dias pagos),
saas_portal,model,"ir.ui.view,arch_db",saas_portal.view_clients_form,Subscription Log (manual changes only),Registro de subscrição (apenas mudanças manuais),
saas_portal,model,"mail.message.subtype,description",saas_portal.mt_expired,Subscription expired,Subscrição Expirada,
saas_portal,model,"mail.message.subtype,name",saas_portal.mt_expired,Subscription expired,Subscrição Expirada,
saas_portal,model,"mail.message.subtype,name",saas_portal.mt_support_team_expired,Subscription expired,Subscrição Expirada,
saas_portal,model,"ir.model.fields,field_description",saas_portal.field_saas_portal_client_subscription_log_ids,Subscription log ids,Log ids da Subscrição,
saas_portal,model,"ir.model.fields,field_description",saas_portal.field_saas_portal_client_subscription_start,Subscription start,Subscrição Começou,
saas_portal,model,"ir.ui.view,arch_db",saas_portal.view_clients_form,Subsctiption Log,Log da Subscrição,
saas_portal,model,"ir.model.fields,help",saas_portal.field_saas_portal_client_period_initial,Subsription initial period in hours for trials,Perído da Subscrição inicial em horas para o Trial,
saas_portal,model,"ir.model.fields,field_description",saas_portal.field_saas_portal_plan_summary,Summary,Resumo,
saas_portal,model,"ir.ui.view,arch_db",saas_portal.view_plans_form,Summary,Resumo,
saas_portal,model,"ir.model.fields,field_description",saas_portal.field_res_users_support_team_id,Support Team,Equipe de Suporte,
saas_portal,model,"ir.model.fields,field_description",saas_portal.field_saas_portal_client_support_team_id,Support Team,Equipe de Suporte,
saas_portal,model,"ir.model.fields,field_description",saas_portal.field_saas_portal_create_client_support_team_id,Support Team,Equipe de Suporte,
saas_portal,model,"ir.ui.view,arch_db",saas_portal.view_support_team_form,Support Team,Equipe de Suporte,
saas_portal,model,"ir.actions.act_window,name",saas_portal.saas_portal_support_teams,Support Teams,Equipe de Suporte,
saas_portal,model,"ir.ui.menu,name",saas_portal.menu_saas_portal_support_teams,Support Teams,Equipe de Suporte,
saas_portal,model,"ir.ui.view,arch_db",saas_portal.view_support_team_tree,Support Teams,Equipe de Suporte,
saas_portal,model,"ir.model.fields,help",saas_portal.field_res_users_support_team_id,Support team for SaaS,Support team for SaaS,
saas_portal,selection,"saas_portal.plan,lang",0,Swedish / svenska,Swedish / svenska,
saas_portal,model,"ir.ui.view,arch_db",saas_portal.view_clients_form,Sync client,Sincronizar Cliente,
saas_portal,model,"ir.ui.view,arch_db",saas_portal.view_clients_form,Sync server,Sincronizar Servidor,
saas_portal,model,"ir.ui.view,arch_db",saas_portal.view_plans_form,Sync server,Sincronizar Servidor,
saas_portal,model,"ir.ui.view,arch_db",saas_portal.view_server_form,Sync server,Sincronizar Servidor,
saas_portal,model,"ir.model.fields,field_description",saas_portal.field_saas_portal_support_team_name,Team name,Nome da Equipe,
saas_portal,model,"ir.ui.menu,name",saas_portal.menu_saas_tech,Technical Records,Technical Records,
saas_portal,model,"ir.ui.view,arch_db",saas_portal.view_plans_form,Technical Settings,Configurações Técnicas,
saas_portal,selection,"saas_portal.plan,lang",0,Telugu / తెలుగు,Telugu / తెలుగు,
saas_portal,model,"ir.model.fields,field_description",saas_portal.field_saas_portal_plan_template_id,Template,Modelo,
saas_portal,selection,"saas_portal.client,state",0,Template,Template,
saas_portal,selection,"saas_portal.database,state",0,Template,Template,
saas_portal,model,"ir.model.fields,field_description",saas_portal.field_oauth_application_template_db_ids,Template Database,Base de Dados Template,
saas_portal,model,"ir.model.fields,field_description",saas_portal.field_saas_portal_client_template_db_ids,Template Database,Base de Dados Template,
saas_portal,model,"ir.model.fields,field_description",saas_portal.field_saas_portal_database_template_db_ids,Template Database,Base de Dados Template,
saas_portal,model,"ir.model.fields,field_description",saas_portal.field_saas_portal_server_template_db_ids,Template Database,Base de Dados Template,
saas_portal,model,"ir.ui.view,arch_db",saas_portal.oauth_application_form,Template Database,Base de Dados Template,
saas_portal,code,addons/saas_portal/models/saas_portal.py,337,Template for db name is not configured,Template for db name is not configured,
saas_portal,model,"ir.actions.act_window,name",saas_portal.action_templates,Templates,Modelos,
saas_portal,model,"ir.ui.menu,name",saas_portal.menu_templates,Templates,Modelos,
saas_portal,model,"ir.ui.view,arch_db",saas_portal.view_databases_filter,Templates,Modelos,
saas_portal,selection,"saas_portal.plan,lang",0,Thai / ภาษาไทย,Thai / ภาษาไทย,
saas_portal,model,"ir.ui.view,arch_db",saas_portal.information,The database is creating...,O banco de dados está criando...,
saas_portal,model,"ir.ui.view,arch_db",saas_portal.try_trial,The database is creating...,O banco de dados está criando...,
saas_portal,model,"ir.model.fields,help",saas_portal.field_saas_portal_subscription_log_reason,The reason of expiration change,O motivo da mudança de expiração,
saas_portal,model,"ir.model.fields,help",saas_portal.field_saas_portal_subscription_wizard_reason,The reason of expiration change,O motivo da mudança de expiração,
saas_portal,code,addons/saas_portal/controllers/main.py,85,There is no plan configured,Não há nenhum plano configurado,
saas_portal,model,"ir.ui.view,arch_db",saas_portal.action_database_form,This sections allows execute special commands on client. Ask developers for instructions.,Estas seções permitem a execução de comandos especiais no cliente. Peça aos desenvolvedores instruções.,
saas_portal,model,"ir.ui.view,arch_db",saas_portal.action_database_form,This sections allows to limit number of records in arbitrary model on client. Ask developers for instructions.,Esta seção permite limitar o número de registros em modelo arbitrário no cliente. Peça aos desenvolvedores instruções.,
saas_portal,model,"ir.model.fields,field_description",saas_portal.field_saas_portal_plan_tz,TimeZone,Fuso Horário,
saas_portal,model,"ir.model.fields,field_description",saas_portal.field_saas_portal_client_token_ids,Tokens,Tokens,
saas_portal,model,"ir.model.fields,field_description",saas_portal.field_saas_portal_database_token_ids,Tokens,Tokens,
saas_portal,model,"ir.model.fields,field_description",saas_portal.field_saas_portal_server_token_ids,Tokens,Tokens,
saas_portal,model,"ir.model.fields,field_description",saas_portal.field_saas_portal_plan_total_storage_limit,Total storage limit (MB),Limite de armazenamento total (MB),
saas_portal,model,"ir.model.fields,field_description",saas_portal.field_saas_portal_create_client_trial,Trial,Trial,
saas_portal,model,"ir.ui.view,arch_db",saas_portal.try_trial,Try trial,Exprimentar Trial,
saas_portal,selection,"saas_portal.plan,lang",0,Turkish / Türkçe,Turkish / Türkçe,
saas_portal,selection,"saas_portal.plan,lang",0,Ukrainian / українська,Ukrainian / українська,
saas_portal,model,"ir.model.fields,field_description",saas_portal.field_saas_config_uninstall_addons,Uninstall Addons,Desinstalar Módulos,
saas_portal,model,"ir.model.fields,field_description",saas_portal.field_saas_config_update_addons_list,Update Addon List,Update da Lista de Módulos,
saas_portal,model,"ir.model.fields,field_description",saas_portal.field_saas_config_update_addons,Update Addons,Update Módulos,
saas_portal,model,"ir.actions.act_window,name",saas_portal.action_upgrade_clients,Upgrade Clients,Upgrade Cliente,
saas_portal,model,"ir.model.fields,help",saas_portal.field_saas_portal_config_settings_module_saas_portal_sale_online,Use saas_portal_sale_online module,Use saas_portal_sale_online module,
saas_portal,model,"ir.ui.view,arch_db",saas_portal.saas_portal_edit_database_view_form,Use the following link to log in as Administrator:<br/>,Use o seguinte link para fazer login como Administrador:<br/>,
saas_portal,model,"ir.model.fields,help",saas_portal.field_saas_portal_plan_dbname_template,Used for generating client database domain name. Use %i for numbering. Ignore if you use manually created db names,Usado para gerar o nome de domínio do banco de dados do cliente. Use %i para numeração. Ignore se você usa nomes db criados manualmente,
saas_portal,model,"ir.model.fields,field_description",saas_portal.field_saas_portal_create_client_user_id,User,Usuário,
saas_portal,model,"ir.model.fields,help",saas_portal.field_saas_portal_plan_server_id,User this saas server or choose random,User this saas server or choose random,
saas_portal,model,"ir.model,name",saas_portal.model_res_users,Users,Usuários,
saas_portal,model,"ir.model.fields,field_description",saas_portal.field_saas_config_param_value,Value,Valor,
saas_portal,model,"ir.model.fields,field_description",saas_portal.field_saas_portal_server_verify_ssl,Verify SSL,Verificar SSL,
saas_portal,selection,"saas_portal.plan,lang",0,Vietnamese / Tiếng Việt,Vietnamese / Tiếng Việt,
saas_portal,model,"ir.ui.view,arch_db",saas_portal.view_plans_form,Website Settings,Configurações do Site,
saas_portal,model,"ir.model.fields,field_description",saas_portal.field_saas_portal_plan_website_description,Website description,Website description,
saas_portal,model,"ir.model.fields,field_description",saas_portal.field_saas_portal_plan_on_create,Workflow on create,Workflow on create,
saas_portal,selection,"saas_portal.server,local_request_scheme",0,http,http,
saas_portal,selection,"saas_portal.server,request_scheme",0,http,http,
saas_portal,selection,"saas_portal.server,local_request_scheme",0,https,https,
saas_portal,selection,"saas_portal.server,request_scheme",0,https,https,
saas_portal,model,"ir.model.fields,help",saas_portal.field_saas_portal_plan_grace_period,initial days before expiration,Dias iniciais antes do vencimento,
saas_portal,model,"ir.ui.view,arch_db",saas_portal.information,it takes only a few minutes. Please check your email now for further instructions on how to login.,Demora apenas alguns minutos. Verifique agora seu e-mail para obter mais instruções sobre como fazer o login.,
saas_portal,model,"ir.ui.view,arch_db",saas_portal.try_trial,it takes only a few minutes. Please check your email now for further instructions on how to login.,Demora apenas alguns minutos. Verifique agora seu e-mail para obter mais instruções sobre como fazer o login.,
saas_portal,model,"ir.model.fields,help",saas_portal.field_saas_portal_server_local_host,local host or ip address of server for server-side requests,local host or ip address of server for server-side requests,
saas_portal,model,"ir.model.fields,help",saas_portal.field_saas_portal_server_local_port,local tcp port of server for server-side requests,local tcp port of server for server-side requests,
saas_portal,model,"ir.model.fields,help",saas_portal.field_saas_portal_plan_maximum_allowed_dbs_per_partner,maximum allowed non-trial databases per customer,Máximo de banco de dados não trial permitido por cliente,
saas_portal,model,"ir.model.fields,help",saas_portal.field_saas_portal_plan_maximum_allowed_trial_dbs_per_partner,maximum allowed trial databases per customer,Máximo de banco de dados trial permitido por cliente,
saas_portal,model,"ir.model.fields,help",saas_portal.field_saas_portal_client_notification_sent,notification about oncoming expiration has sent,Notificação sobre expiração futura enviada,
saas_portal,model,"ir.model,name",saas_portal.model_oauth_application,oauth.application,oauth.application,
saas_portal,model,"ir.ui.view,arch_db",saas_portal.view_saas_portal__config_settings,odoo.com,odoo.com,
saas_portal,model,"ir.ui.view,arch_db",saas_portal.action_database_form,or,ou,
saas_portal,model,"ir.ui.view,arch_db",saas_portal.saas_portal_create_client_view_form,or,ou,
saas_portal,model,"ir.ui.view,arch_db",saas_portal.saas_portal_duplicate_client_view_form,or,ou,
saas_portal,model,"ir.ui.view,arch_db",saas_portal.saas_portal_rename_database_view_form,or,ou,
saas_portal,model,"ir.ui.view,arch_db",saas_portal.view_saas_portal__config_settings,or,ou,
saas_portal,model,"ir.ui.view,arch_db",saas_portal.view_databases_form,plans,Planos,
saas_portal,model,"ir.ui.view,arch_db",saas_portal.view_plans_form,plans,Planos,
saas_portal,model,"ir.model,name",saas_portal.model_saas_config,saas.config,saas.config,
saas_portal,model,"ir.model,name",saas_portal.model_saas_config_fix,saas.config.fix,saas.config.fix,
saas_portal,model,"ir.model,name",saas_portal.model_saas_config_limit_number_of_records_line,saas.config.limit_number_of_records_line,saas.config.limit_number_of_records_line,
saas_portal,model,"ir.model,name",saas_portal.model_saas_config_param,saas.config.param,saas.config.param,
saas_portal,model,"ir.model,name",saas_portal.model_saas_portal_batch_delete_wizard,saas_portal.batch_delete_wizard,saas_portal.batch_delete_wizard,
saas_portal,model,"ir.model,name",saas_portal.model_saas_portal_config_settings,saas_portal.config.settings,saas_portal.config.settings,
saas_portal,model,"ir.model,name",saas_portal.model_saas_portal_create_client,saas_portal.create_client,saas_portal.create_client,
saas_portal,model,"ir.model,name",saas_portal.model_saas_portal_database,saas_portal.database,saas_portal.database,
saas_portal,model,"ir.model,name",saas_portal.model_saas_portal_duplicate_client,saas_portal.duplicate_client,saas_portal.duplicate_client,
saas_portal,model,"ir.model,name",saas_portal.model_saas_portal_edit_database,saas_portal.edit_database,saas_portal.edit_database,
saas_portal,model,"ir.model,name",saas_portal.model_saas_portal_plan,saas_portal.plan,saas_portal.plan,
saas_portal,model,"ir.model,name",saas_portal.model_saas_portal_rename_database,saas_portal.rename_database,saas_portal.rename_database,
saas_portal,model,"ir.model,name",saas_portal.model_saas_portal_subscription_log,saas_portal.subscription_log,saas_portal.subscription_log,
saas_portal,model,"ir.model,name",saas_portal.model_saas_portal_subscription_wizard,saas_portal.subscription_wizard,saas_portal.subscription_wizard,
saas_portal,model,"ir.model,name",saas_portal.model_saas_portal_support_team,saas_portal.support_team,saas_portal.support_team,
saas_portal,model,"ir.model.fields,help",saas_portal.field_saas_portal_subscription_wizard_expiration_new,set new expiration here,Estabeleça uma nova expiração aqui,
saas_portal,model,"ir.model.fields,help",saas_portal.field_saas_portal_plan_expiration,time to delete database. Use for demo,Tempo para excluir o banco de dados. Use para demonstração,
saas_portal,model,"ir.model.fields,help",saas_portal.field_saas_portal_client_expiration_datetime_sent,updates every time send_expiration_info is executed,Atualiza sempre que send_expiration_info é executado,
saas_portal,model,"ir.model.fields,help",saas_portal.field_saas_portal_server_verify_ssl,"verify SSL certificates for server-side HTTPS requests, just like a web browser","Verifique certificados SSL para solicitações HTTPS do lado do servidor, assim como um navegador da Web",